country,year,gdp_growth,inflation_rate,unemployment_rate,political_stability_index,government_effectiveness,rule_of_law,control_of_corruption,conflict_intensity,battle_deaths,civilian_deaths
Afghanistan,2000,1.72,4.104,7.494,0.78,-0.628,0.67,-0.21,4.0,346.0,82.0
Afghanistan,2001,3.608,8.145,10.3,0.226,-0.663,0.374,-0.866,4.0,307.0,65.0
Afghanistan,2002,0.477,3.227,10.2,-0.375,-0.708,-0.565,0.568,4.0,358.0,110.0
Afghanistan,2003,4.247,4.323,10.643,-0.292,0.705,-0.095,0.305,4.0,171.0,54.0
Afghanistan,2004,4.934,5.072,8.442,1.4,1.38,0.543,0.407,4.0,231.0,49.0
Afghanistan,2005,1.76,4.44,17.36,0.554,-0.14,-0.371,0.501,4.0,194.0,45.0
Afghanistan,2006,2.8,7.685,10.972,0.573,-1.443,1.79,0.11,4.0,379.0,84.0
Afghanistan,2007,5.846,4.45,14.696,-0.265,0.85,-1.02,1.287,4.0,185.0,46.0
Afghanistan,2008,1.45,7.608,12.791,-0.076,0.196,0.264,0.644,4.0,182.0,42.0
Afghanistan,2009,1.774,7.179,10.756,0.653,-0.085,0.33,-0.21,4.0,60.0,16.0
Afghanistan,2010,1.836,4.876,10.324,-0.033,-0.117,-0.274,0.98,4.0,424.0,99.0
Afghanistan,2011,1.277,8.768,10.814,-0.942,-0.484,0.169,0.899,4.0,359.0,84.0
Afghanistan,2012,3.771,9.683,8.978,-0.209,-0.641,0.624,-0.815,4.0,103.0,32.0
Afghanistan,2013,1.281,8.47,8.935,0.235,0.043,1.905,-0.153,4.0,232.0,64.0
Afghanistan,2014,0.437,8.071,12.027,0.176,0.759,-0.539,-0.104,4.0,310.0,87.0
Afghanistan,2015,1.826,4.95,9.884,0.083,-0.627,0.739,-0.587,4.0,372.0,84.0
Afghanistan,2016,1.486,4.914,11.474,1.0,1.05,-1.753,0.557,4.0,240.0,56.0
Afghanistan,2017,2.407,7.302,11.776,-0.69,0.324,-0.256,-0.102,4.0,466.0,108.0
Afghanistan,2018,3.39,8.552,10.492,-0.082,0.86,-0.116,1.052,0.0,242.0,70.0
Afghanistan,2019,3.98,6.776,10.744,-0.42,1.045,0.208,-0.428,4.0,273.0,77.0
Afghanistan,2020,-2.172,5.522,14.655,-0.632,0.953,-0.056,0.395,4.0,193.0,47.0
Afghanistan,2021,4.382,6.421,12.835,0.248,0.02,-0.596,-0.548,4.0,371.0,93.0
Afghanistan,2022,4.293,8.747,7.275,-0.427,1.77,1.207,1.047,4.0,342.0,97.0
Afghanistan,2023,4.656,5.268,11.454,0.686,0.394,0.053,-0.858,4.0,341.0,89.0
Afghanistan,2024,3.215,4.969,13.424,-2.08,0.08,-0.41,-0.51,4.0,246.0,51.0
Afghanistan,2025,2.635,8.211,11.614,0.213,-0.118,1.08,0.728,4.0,116.0,33.0
Brazil,2000,1.5,7.166,10.961,-0.64,0.317,-0.576,1.25,4.0,566.0,133.0
Brazil,2001,1.015,5.99,12.115,-0.012,0.63,0.359,-0.782,4.0,290.0,76.0
Brazil,2002,3.822,7.037,12.541,-0.372,-1.248,1.108,-0.356,4.0,232.0,52.0
Brazil,2003,0.258,7.032,10.746,-0.33,-0.732,0.01,-0.07,4.0,186.0,44.0
Brazil,2004,4.025,12.26,16.215,-1.665,-0.985,-0.695,1.89,4.0,230.0,72.0
Brazil,2005,1.168,5.107,10.923,0.178,0.108,0.02,0.473,4.0,179.0,56.0
Brazil,2006,6.104,8.594,5.99,1.45,0.143,-1.093,1.227,4.0,197.0,34.0
Brazil,2007,2.31,9.527,8.657,0.608,0.473,-0.452,0.19,4.0,226.0,67.0
Brazil,2008,1.97,2.273,11.963,-0.314,0.444,-0.049,-0.17,4.0,420.0,119.0
Brazil,2009,4.067,5.253,11.707,-0.073,0.419,-0.662,0.564,4.0,568.0,129.0
Brazil,2010,2.346,7.142,9.858,1.12,0.64,-2.03,-1.95,0.0,69.0,23.0
Brazil,2011,1.919,7.351,10.166,0.91,0.267,-1.637,-0.223,4.0,493.0,126.0
Brazil,2012,-2.03,1.305,15.405,-0.448,0.405,-0.187,0.398,4.0,283.0,81.0
Brazil,2013,3.004,9.087,11.413,1.273,-0.367,-0.853,0.687,4.0,313.0,74.0
Brazil,2014,4.283,8.152,12.285,-0.66,-0.85,0.795,-0.042,4.0,245.0,49.0
Brazil,2015,2.192,5.185,5.178,-0.882,-0.343,0.408,-0.048,4.0,174.0,43.0
Brazil,2016,7.456,7.18,11.198,0.393,0.59,-0.416,0.012,4.0,385.0,90.0
Brazil,2017,0.73,7.287,13.363,0.138,0.393,0.126,-0.67,4.0,284.0,59.0
Brazil,2018,6.745,8.365,12.08,0.64,-0.384,1.19,0.318,4.0,440.0,102.0
Brazil,2019,1.446,9.131,10.832,-0.015,0.529,0.36,0.864,4.0,211.0,43.0
Brazil,2020,3.0,7.222,11.767,-0.78,-0.58,-1.65,1.05,4.0,383.0,102.0
Brazil,2021,3.957,9.53,11.597,-0.3,1.397,0.977,1.15,4.0,372.0,102.0
Brazil,2022,5.87,1.52,12.29,0.254,-0.35,0.138,-0.726,4.0,523.0,113.0
Brazil,2023,3.026,9.244,13.354,0.073,0.141,0.266,0.263,4.0,179.0,37.0
Brazil,2024,1.45,7.652,14.837,0.863,-0.036,0.104,0.007,4.0,176.0,53.0
Brazil,2025,0.033,5.127,12.437,-0.255,0.34,-0.492,0.838,4.0,408.0,105.0
China,2000,1.269,6.566,11.272,0.313,0.827,-0.121,0.45,4.0,246.0,71.0
China,2001,3.194,9.014,7.26,-0.497,-0.723,-0.533,-0.629,4.0,325.0,59.0
China,2002,-0.505,8.86,7.912,0.61,0.014,-0.324,-0.169,4.0,510.0,118.0
China,2003,-3.79,7.79,11.85,-0.352,-1.092,0.588,0.158,4.0,361.0,95.0
China,2004,0.183,7.35,14.712,-0.153,-0.191,0.29,0.107,4.0,457.0,121.0
China,2005,3.178,8.528,8.88,0.113,-0.629,-0.219,-0.216,4.0,357.0,101.0
China,2006,2.863,8.207,9.183,0.43,-0.71,-0.086,-0.387,4.0,354.0,106.0
China,2007,1.646,7.468,12.466,-0.332,-0.065,-0.229,0.682,4.0,507.0,132.0
China,2008,0.207,6.67,12.807,-0.624,0.331,0.404,0.087,4.0,393.0,109.0
China,2009,1.088,7.305,14.255,0.13,-0.705,0.497,0.248,4.0,376.0,96.0
China,2010,2.4,5.65,12.198,0.073,-0.502,0.219,-0.689,0.0,131.0,34.0
China,2011,2.338,5.74,13.16,-0.956,-0.444,-1.274,1.12,0.0,260.0,64.0
China,2012,3.39,9.952,10.149,-0.894,-0.25,-0.165,0.32,4.0,288.0,74.0
China,2013,2.826,6.84,8.691,0.693,-0.768,-0.542,0.152,4.0,581.0,157.0
China,2014,3.016,10.664,12.25,-0.077,0.349,-0.268,0.398,4.0,388.0,99.0
China,2015,1.858,7.191,9.456,-0.24,-1.64,0.26,-0.52,4.0,373.0,83.0
China,2016,1.982,4.818,11.012,0.432,0.102,-0.294,-0.825,4.0,366.0,83.0
China,2017,4.523,6.841,10.924,0.368,0.849,0.132,-0.358,4.0,239.0,62.0
China,2018,1.45,7.517,9.96,0.61,-0.347,0.183,1.443,4.0,307.0,76.0
China,2019,2.913,7.497,10.116,-2.32,2.24,0.65,-0.81,4.0,614.0,139.0
China,2020,1.98,7.642,12.846,-0.75,0.009,0.408,0.169,4.0,241.0,66.0
China,2021,2.777,6.017,18.432,-0.117,-0.371,-0.331,-0.829,4.0,349.0,69.0
China,2022,-0.781,4.432,11.23,-0.052,0.074,-1.329,0.368,4.0,499.0,150.0
China,2023,1.13,9.1,13.22,0.3,0.633,0.134,-0.526,4.0,372.0,94.0
China,2024,-1.8,7.618,9.292,0.077,-0.19,-0.077,-2.19,4.0,393.0,107.0
China,2025,4.256,7.269,11.396,-0.111,-1.296,-0.954,0.287,4.0,423.0,102.0
Ethiopia,2000,2.337,3.982,7.992,0.31,0.117,0.207,0.323,4.0,366.0,93.0
Ethiopia,2001,3.854,8.834,10.914,0.154,-1.086,-1.562,1.152,4.0,300.0,97.0
Ethiopia,2002,2.521,7.417,10.836,-0.597,0.195,-0.445,-0.259,4.0,458.0,94.0
Ethiopia,2003,-1.634,7.836,9.772,0.19,-0.413,0.202,-0.062,4.0,261.0,52.0
Ethiopia,2004,0.943,9.997,12.232,0.027,1.096,-0.544,-0.576,0.0,0.0,0.0
Ethiopia,2005,1.043,7.55,11.343,-0.384,-0.141,0.031,-0.307,4.0,261.0,62.0
Ethiopia,2006,0.624,8.079,11.811,-0.268,0.135,0.056,-0.655,4.0,247.0,76.0
Ethiopia,2007,3.018,7.736,11.956,0.436,0.404,-0.272,-0.012,4.0,445.0,132.0
Ethiopia,2008,2.094,6.879,14.399,-0.803,-0.16,-0.423,-0.24,0.0,181.0,44.0
Ethiopia,2009,2.54,5.928,12.764,-0.025,0.132,-0.106,0.469,4.0,63.0,16.0
Ethiopia,2010,2.988,7.49,8.876,-0.598,-0.236,-0.013,-1.127,4.0,348.0,93.0
Ethiopia,2011,-1.575,8.314,14.466,-0.625,1.76,-1.545,-0.35,4.0,300.0,75.0
Ethiopia,2012,3.511,5.429,11.539,0.437,0.409,-0.353,-1.13,4.0,608.0,148.0
Ethiopia,2013,0.714,9.329,9.259,-0.01,-0.672,-1.01,-0.872,4.0,388.0,109.0
Ethiopia,2014,2.94,4.982,10.282,0.012,-0.272,0.348,-0.273,4.0,391.0,79.0
Ethiopia,2015,2.59,6.544,11.749,0.57,-0.008,-0.159,0.69,4.0,475.0,133.0
Ethiopia,2016,1.967,6.785,13.58,0.27,-0.89,-0.741,0.139,0.0,121.0,36.0
Ethiopia,2017,6.4,3.51,11.28,-0.453,-0.74,0.763,0.817,4.0,290.0,73.0
Ethiopia,2018,1.226,6.348,10.462,0.811,-0.071,-0.816,-0.445,4.0,468.0,118.0
Ethiopia,2019,2.904,5.852,9.846,-0.16,0.192,-0.295,-0.41,4.0,246.0,57.0
Ethiopia,2020,2.254,4.787,11.439,0.885,-0.457,-0.392,-1.25,4.0,414.0,118.0
Ethiopia,2021,3.06,9.81,8.823,0.325,-0.1,-0.35,-0.855,4.0,116.0,30.0
Ethiopia,2022,2.265,4.538,8.22,0.236,0.018,0.214,-0.718,4.0,293.0,74.0
Ethiopia,2023,2.135,5.245,12.512,1.044,0.298,0.478,-0.87,4.0,446.0,100.0
Ethiopia,2024,6.762,8.06,16.118,-0.603,-1.517,0.413,-0.11,4.0,599.0,150.0
Ethiopia,2025,5.179,12.24,12.666,-0.462,-0.296,0.834,0.108,4.0,159.0,53.0
India,2000,3.13,9.232,15.425,0.224,-0.644,0.703,-0.464,4.0,162.0,49.0
India,2001,-0.084,7.438,12.444,-0.111,0.045,-0.053,0.405,4.0,282.0,68.0
India,2002,2.946,7.308,13.758,0.66,-0.558,-1.295,-0.295,4.0,556.0,125.0
India,2003,2.888,11.5,5.48,1.43,1.13,0.26,0.71,4.0,180.0,44.0
India,2004,2.702,5.302,7.442,0.83,-0.136,0.096,-0.579,4.0,280.0,80.0
India,2005,2.719,10.71,8.146,-1.777,0.117,-0.76,0.253,4.0,349.0,94.0
India,2006,2.204,7.985,11.636,-0.077,0.171,-0.529,-0.221,4.0,316.0,77.0
India,2007,4.1,9.614,9.746,-0.332,0.113,0.057,-0.228,4.0,359.0,94.0
India,2008,3.813,7.688,11.101,0.639,0.103,-0.042,0.017,4.0,360.0,90.0
India,2009,3.462,6.726,10.949,-0.223,0.978,0.474,-0.161,4.0,181.0,37.0
India,2010,5.87,8.933,12.077,-0.748,-0.022,-0.156,0.616,4.0,392.0,104.0
India,2011,4.69,7.672,11.29,-0.414,-0.129,-0.781,0.149,4.0,209.0,56.0
India,2012,4.756,2.982,13.196,-0.049,0.511,-0.796,-0.523,4.0,365.0,92.0
India,2013,1.373,7.35,9.15,-0.91,-0.502,-0.458,0.686,4.0,351.0,90.0
India,2014,1.978,9.662,12.688,0.384,1.03,-0.033,-0.569,4.0,240.0,73.0
India,2015,3.226,6.659,11.821,-0.268,0.112,-1.037,0.653,4.0,302.0,68.0
India,2016,4.643,4.637,5.613,-0.138,0.404,-0.71,0.068,4.0,410.0,93.0
India,2017,4.242,5.39,10.86,-0.748,-1.622,0.792,0.7,0.0,184.0,45.0
India,2018,0.937,6.228,13.586,0.585,-0.247,-0.368,-0.342,4.0,384.0,105.0
India,2019,2.388,7.905,8.687,-0.223,0.145,0.942,0.927,0.0,124.0,22.0
India,2020,2.487,8.54,11.79,0.28,-0.433,-0.783,-1.6,0.0,239.0,50.0
India,2021,3.614,7.281,13.444,1.95,-0.49,0.5,-0.235,4.0,299.0,75.0
India,2022,0.864,5.246,13.396,0.803,-0.266,-0.683,0.754,4.0,458.0,100.0
India,2023,2.063,8.902,11.78,0.21,-0.875,0.23,-0.765,4.0,167.0,33.0
India,2024,2.903,6.228,10.352,-0.694,0.187,0.347,-0.52,4.0,245.0,67.0
India,2025,4.77,3.492,12.778,1.124,-0.432,0.27,-0.05,4.0,170.0,49.0
Israel,2000,1.805,7.081,9.423,0.688,-0.522,-0.447,1.618,4.0,283.0,74.0
Israel,2001,2.589,4.717,10.817,-0.938,0.512,0.148,-1.74,4.0,419.0,96.0
Israel,2002,2.937,9.16,12.633,1.065,-0.337,-0.037,-0.395,4.0,186.0,46.0
Israel,2003,0.849,8.739,13.63,-0.574,1.06,-0.016,-0.27,4.0,408.0,116.0
Israel,2004,8.133,6.295,7.275,-0.738,-0.15,0.112,0.5,4.0,60.0,17.0
Israel,2005,5.687,6.387,12.077,0.669,0.38,0.884,0.109,4.0,186.0,46.0
Israel,2006,0.515,6.435,9.965,-0.169,0.615,-0.049,0.191,4.0,59.0,10.0
Israel,2007,2.155,4.22,4.305,0.705,-0.044,-0.482,0.062,4.0,267.0,88.0
Israel,2008,2.019,10.048,12.218,-0.143,1.427,-0.507,0.143,4.0,314.0,91.0
Israel,2009,3.12,10.531,9.688,1.255,1.435,-2.26,1.625,4.0,319.0,84.0
Israel,2010,4.164,10.302,11.429,-0.428,-0.147,-0.328,-1.238,4.0,281.0,75.0
Israel,2011,3.05,7.74,8.964,-0.197,0.435,-0.339,0.473,4.0,247.0,44.0
Israel,2012,3.77,12.323,10.26,0.633,0.857,-0.413,0.177,4.0,223.0,52.0
Israel,2013,1.024,7.449,10.739,0.345,-0.339,0.559,-0.524,4.0,489.0,129.0
Israel,2014,2.227,7.2,16.78,0.51,0.435,0.29,0.355,4.0,252.0,55.0
Israel,2015,2.094,7.33,8.908,0.78,0.071,0.383,-0.314,4.0,242.0,55.0
Israel,2016,3.77,5.454,8.294,-0.18,0.31,-1.3,-0.68,4.0,400.0,107.0
Israel,2017,-1.12,10.45,4.6,-0.695,0.49,-0.105,1.285,4.0,292.0,88.0
Israel,2018,3.345,4.972,12.108,-0.883,0.623,1.28,1.717,4.0,321.0,81.0
Israel,2019,2.327,8.908,6.875,-0.46,1.82,1.05,0.55,4.0,494.0,128.0
Israel,2020,0.929,9.41,12.579,-0.328,0.166,-1.19,1.096,4.0,620.0,158.0
Israel,2021,2.776,8.187,11.738,0.091,0.459,0.104,0.387,4.0,362.0,82.0
Israel,2022,2.655,5.729,8.764,-0.035,-0.588,0.553,0.682,4.0,327.0,73.0
Israel,2023,0.909,6.732,11.876,-1.084,0.428,0.39,1.377,4.0,559.0,170.0
Israel,2024,2.374,6.501,11.917,0.462,-0.706,0.742,0.278,4.0,339.0,88.0
Israel,2025,4.835,6.682,7.928,0.335,-0.518,0.03,0.612,4.0,196.0,49.0
Nigeria,2000,1.841,4.304,9.214,-0.44,0.786,-0.986,0.516,4.0,438.0,91.0
Nigeria,2001,3.899,10.683,9.849,-0.624,-0.2,-0.386,-0.082,4.0,463.0,111.0
Nigeria,2002,2.576,7.02,15.242,0.354,0.58,-0.808,0.184,4.0,375.0,100.0
Nigeria,2003,2.079,6.616,13.286,0.701,0.661,-0.177,-0.613,4.0,48.0,19.0
Nigeria,2004,1.25,6.853,11.47,-0.062,-0.01,0.33,0.194,4.0,179.0,50.0
Nigeria,2005,3.007,5.548,9.625,0.46,-0.406,-0.358,1.174,4.0,235.0,63.0
Nigeria,2006,-0.598,9.32,9.746,-0.35,-0.787,-0.28,-0.663,4.0,525.0,137.0
Nigeria,2007,2.845,8.145,13.791,1.143,-0.913,0.173,-0.49,4.0,519.0,122.0
Nigeria,2008,2.436,6.22,13.816,0.119,-0.3,-0.817,-0.256,4.0,332.0,70.0
Nigeria,2009,3.52,6.57,8.599,-0.846,-0.22,0.46,-0.114,4.0,351.0,84.0
Nigeria,2010,3.786,8.286,9.867,0.387,0.21,1.08,0.887,4.0,114.0,36.0
Nigeria,2011,1.055,8.067,12.74,-0.467,-0.687,0.115,0.482,4.0,343.0,73.0
Nigeria,2012,6.06,12.27,11.8,-1.16,1.315,0.57,-0.455,4.0,407.0,104.0
Nigeria,2013,1.167,8.016,9.759,0.323,-0.253,0.555,0.313,0.0,63.0,12.0
Nigeria,2014,-0.447,7.945,14.97,-0.197,0.19,0.579,1.007,4.0,518.0,145.0
Nigeria,2015,2.431,5.497,10.223,-1.176,-0.431,0.336,0.474,4.0,414.0,101.0
Nigeria,2016,3.217,7.777,11.198,0.463,0.037,-0.032,0.224,4.0,294.0,75.0
Nigeria,2017,-0.36,8.745,7.198,0.737,-0.276,0.288,-0.892,4.0,306.0,95.0
Nigeria,2018,4.615,6.16,13.265,0.185,0.205,0.661,-0.012,4.0,162.0,35.0
Nigeria,2019,2.485,7.678,10.508,-0.005,-0.736,0.256,-0.18,4.0,388.0,75.0
Nigeria,2020,1.943,5.045,12.782,-0.902,1.139,0.465,0.493,0.0,134.0,29.0
Nigeria,2021,-0.124,7.07,10.696,-0.508,0.111,-0.303,-0.054,4.0,273.0,59.0
Nigeria,2022,3.287,9.91,11.996,-0.287,0.54,-0.397,-0.55,4.0,245.0,52.0
Nigeria,2023,3.365,8.933,12.199,0.983,0.014,0.215,0.29,4.0,273.0,64.0
Nigeria,2024,1.625,8.615,10.6,-0.062,0.368,0.964,0.558,4.0,383.0,95.0
Nigeria,2025,2.651,7.14,11.573,-0.079,-0.874,-0.033,-0.177,4.0,311.0,86.0
Pakistan,2000,2.644,8.791,11.863,0.28,0.34,-0.808,0.288,4.0,669.0,163.0
Pakistan,2001,4.365,6.6,17.71,-0.199,-0.207,-0.367,-0.46,4.0,335.0,89.0
Pakistan,2002,1.729,7.986,10.441,0.822,-0.158,0.629,-0.15,4.0,548.0,147.0
Pakistan,2003,4.807,6.097,11.197,0.052,0.552,0.596,0.58,0.0,200.0,52.0
Pakistan,2004,0.97,9.698,13.825,0.964,1.6,-1.256,0.218,4.0,352.0,85.0
Pakistan,2005,4.913,8.778,13.388,-0.854,0.344,0.533,0.039,4.0,172.0,30.0
Pakistan,2006,1.26,6.41,11.854,-0.598,0.125,0.31,0.422,4.0,293.0,74.0
Pakistan,2007,1.208,6.408,8.56,-0.758,-0.46,-0.307,0.822,4.0,187.0,46.0
Pakistan,2008,0.401,7.201,9.902,-0.099,0.721,0.748,0.395,4.0,359.0,102.0
Pakistan,2009,2.522,9.908,7.976,0.927,-0.647,-0.76,0.887,4.0,188.0,42.0
Pakistan,2010,3.19,5.846,12.34,-0.793,0.043,-0.208,0.106,4.0,251.0,50.0
Pakistan,2011,2.63,6.39,10.363,0.914,1.43,0.194,0.424,4.0,229.0,51.0
Pakistan,2012,1.23,9.42,10.54,-0.092,1.22,0.6,0.118,4.0,436.0,98.0
Pakistan,2013,3.133,8.839,11.214,0.412,0.225,1.152,-0.56,4.0,478.0,118.0
Pakistan,2014,1.16,2.285,12.418,-0.809,0.217,0.073,0.66,4.0,220.0,56.0
Pakistan,2015,2.838,6.258,12.008,0.302,0.172,0.771,0.404,4.0,526.0,138.0
Pakistan,2016,3.301,8.312,8.931,-0.6,0.591,-0.846,-0.112,4.0,594.0,150.0
Pakistan,2017,3.065,5.079,15.119,-0.135,0.05,-0.175,-1.77,4.0,308.0,68.0
Pakistan,2018,2.402,6.105,14.403,0.037,-1.138,-0.1,0.348,4.0,239.0,64.0
Pakistan,2019,2.457,8.123,10.396,-1.048,1.436,-0.038,0.382,4.0,365.0,89.0
Pakistan,2020,4.99,6.1,10.325,0.493,-0.238,-0.447,0.163,4.0,416.0,109.0
Pakistan,2021,2.303,7.67,9.205,-0.27,0.278,-0.194,-0.534,4.0,257.0,57.0
Pakistan,2022,-1.635,8.745,8.542,-1.24,0.2,-0.973,0.867,4.0,340.0,84.0
Pakistan,2023,4.582,7.66,11.145,-0.147,0.506,-0.107,0.136,4.0,181.0,45.0
Pakistan,2024,2.952,6.554,14.238,0.195,-0.545,-1.085,1.33,4.0,442.0,103.0
Pakistan,2025,2.299,5.921,11.426,-0.23,0.364,0.808,0.241,4.0,360.0,71.0
Russia,2000,-0.682,7.856,9.298,0.304,0.622,0.009,-0.09,4.0,218.0,43.0
Russia,2001,3.653,8.738,11.832,-0.139,0.574,-0.361,-0.167,4.0,471.0,121.0
Russia,2002,3.853,7.015,9.17,-0.368,-0.348,0.324,0.462,4.0,385.0,106.0
Russia,2003,1.232,7.402,9.422,-0.127,-0.121,-0.436,-0.571,4.0,421.0,111.0
Russia,2004,2.766,9.256,7.246,0.903,-0.59,-1.01,0.732,4.0,356.0,107.0
Russia,2005,1.645,8.305,9.485,0.078,-0.36,1.16,-0.685,4.0,237.0,57.0
Russia,2006,1.657,5.907,11.235,0.393,-0.048,-0.812,0.812,4.0,238.0,53.0
Russia,2007,2.896,8.347,11.292,0.765,-0.032,-1.23,1.055,4.0,493.0,124.0
Russia,2008,3.483,7.078,12.045,0.45,0.39,1.052,-1.05,4.0,531.0,130.0
Russia,2009,2.797,8.098,11.529,0.529,0.416,1.428,0.049,4.0,412.0,101.0
Russia,2010,0.556,6.425,9.545,0.702,-0.544,0.115,-0.083,4.0,368.0,80.0
Russia,2011,5.192,10.892,10.262,-0.354,0.09,-0.916,-0.208,4.0,257.0,74.0
Russia,2012,2.866,6.326,12.362,-0.406,0.03,1.6,-0.84,4.0,372.0,101.0
Russia,2013,1.52,10.258,10.302,0.382,-0.422,0.069,0.256,4.0,714.0,205.0
Russia,2014,3.092,9.657,16.86,0.253,-0.033,-0.372,-0.818,4.0,338.0,98.0
Russia,2015,1.15,3.982,10.092,0.334,0.383,0.041,-0.519,4.0,263.0,73.0
Russia,2016,3.229,7.489,6.384,0.232,-0.208,0.248,0.965,4.0,242.0,68.0
Russia,2017,2.22,4.827,15.273,-0.523,0.229,-0.6,-0.283,4.0,110.0,30.0
Russia,2018,3.74,8.88,12.776,1.09,-0.28,-0.734,-0.882,4.0,487.0,130.0
Russia,2019,2.795,2.72,11.795,0.201,-0.889,-0.031,0.217,4.0,241.0,45.0
Russia,2020,4.012,9.532,9.936,0.515,-0.2,0.272,0.018,4.0,532.0,124.0
Russia,2021,1.153,10.312,9.23,-0.256,0.413,-1.021,-0.133,4.0,302.0,71.0
Russia,2022,1.089,6.782,10.181,-0.83,-0.02,0.578,0.062,4.0,470.0,120.0
Russia,2023,2.132,8.248,12.15,0.222,0.327,0.652,-0.199,4.0,160.0,43.0
Russia,2024,2.065,9.172,7.482,0.313,-0.373,-0.164,-0.563,0.0,191.0,48.0
Russia,2025,1.654,9.492,9.116,0.015,-0.046,0.103,0.429,4.0,193.0,35.0
Somalia,2000,1.382,9.531,9.368,-1.15,-0.737,-0.05,0.043,4.0,254.0,65.0
Somalia,2001,2.38,8.053,14.143,0.55,-0.024,0.002,0.504,4.0,254.0,63.0
Somalia,2002,1.173,4.991,10.571,0.286,0.297,0.371,0.392,4.0,487.0,121.0
Somalia,2003,1.004,8.09,11.294,0.572,0.752,-0.158,-0.127,4.0,563.0,110.0
Somalia,2004,2.668,7.09,11.568,-0.131,0.25,0.916,0.515,4.0,480.0,124.0
Somalia,2005,0.826,10.011,13.384,-0.473,-0.124,0.506,0.329,0.0,301.0,78.0
Somalia,2006,3.68,9.217,10.49,-0.002,-0.202,-0.315,0.187,4.0,530.0,126.0
Somalia,2007,3.424,5.814,11.222,-0.094,-0.424,-0.062,-0.556,4.0,403.0,89.0
Somalia,2008,4.413,7.793,8.068,-0.481,0.049,0.176,0.824,4.0,536.0,141.0
Somalia,2009,4.572,7.465,9.698,0.16,-0.874,0.104,1.116,4.0,120.0,36.0
Somalia,2010,3.808,9.312,8.734,0.457,0.857,-0.12,-0.253,4.0,235.0,58.0
Somalia,2011,1.19,7.422,8.382,0.14,-0.317,-1.088,-0.665,4.0,210.0,66.0
Somalia,2012,2.252,10.03,7.248,0.65,1.015,0.108,-0.794,4.0,410.0,129.0
Somalia,2013,2.708,6.799,13.735,-0.263,0.553,-0.154,-0.981,4.0,286.0,71.0
Somalia,2014,0.59,5.636,10.594,-0.483,1.235,-0.54,-0.11,4.0,612.0,136.0
Somalia,2015,3.481,10.318,13.072,-0.186,-0.552,-0.384,-0.734,0.0,175.0,37.0
Somalia,2016,2.486,9.824,12.786,0.291,-0.543,-0.635,-0.286,4.0,240.0,68.0
Somalia,2017,3.488,8.39,9.904,-0.28,0.604,-0.91,0.082,0.0,463.0,91.0
Somalia,2018,3.497,7.481,11.404,-0.026,-0.796,0.684,0.228,4.0,308.0,72.0
Somalia,2019,5.97,11.177,9.717,-0.466,-0.406,0.244,-1.068,4.0,451.0,105.0
Somalia,2020,1.22,14.42,10.61,0.428,-0.635,-0.812,-0.76,0.0,59.0,20.0
Somalia,2021,2.233,6.099,11.656,-0.168,0.117,0.96,0.252,4.0,309.0,90.0
Somalia,2022,1.646,8.712,9.178,0.813,0.86,-0.667,-0.423,4.0,360.0,85.0
Somalia,2023,3.862,7.799,9.896,-0.158,0.492,-0.167,0.636,4.0,179.0,42.0
Somalia,2024,2.704,5.769,12.186,0.434,0.022,-0.64,-0.3,4.0,225.0,62.0
Somalia,2025,2.473,9.293,10.237,1.125,-0.892,-0.125,-0.585,4.0,287.0,70.0
Sudan,2000,1.851,8.634,11.35,-0.452,-0.205,-0.184,0.373,4.0,347.0,100.0
Sudan,2001,2.238,8.504,11.138,0.224,0.037,0.436,0.62,4.0,574.0,151.0
Sudan,2002,2.818,6.672,12.225,-0.144,0.474,-0.462,0.668,4.0,476.0,100.0
Sudan,2003,-0.55,10.75,9.26,-0.124,-0.189,-0.074,-0.402,4.0,238.0,63.0
Sudan,2004,1.159,8.77,11.5,0.07,-0.726,0.469,0.211,4.0,319.0,75.0
Sudan,2005,0.247,5.573,11.55,0.3,0.094,0.126,0.166,4.0,599.0,143.0
Sudan,2006,0.96,11.505,13.067,0.031,-0.934,-0.14,0.937,4.0,400.0,90.0
Sudan,2007,2.563,6.627,9.534,0.4,0.317,-0.254,-0.761,4.0,415.0,90.0
Sudan,2008,-0.042,9.508,12.69,0.967,0.546,0.144,0.787,4.0,464.0,127.0
Sudan,2009,1.407,9.409,9.567,0.361,0.256,-0.366,0.67,4.0,352.0,90.0
Sudan,2010,3.861,7.673,10.659,-0.041,-0.504,-0.298,-0.527,4.0,186.0,50.0
Sudan,2011,4.915,9.875,8.542,0.156,-0.715,0.025,-0.196,4.0,182.0,35.0
Sudan,2012,3.781,8.61,11.86,0.171,-0.037,-0.489,0.633,4.0,347.0,97.0
Sudan,2013,1.781,7.63,10.525,0.479,-0.194,0.611,-0.164,4.0,172.0,65.0
Sudan,2014,1.924,9.066,11.174,0.77,0.08,1.895,-0.105,4.0,453.0,117.0
Sudan,2015,1.362,8.479,9.972,-0.104,0.727,-0.041,0.05,4.0,343.0,93.0
Sudan,2016,2.872,4.262,12.466,-0.56,-0.765,0.036,-0.681,4.0,312.0,74.0
Sudan,2017,4.402,4.758,9.885,0.457,0.36,-0.203,0.009,4.0,220.0,57.0
Sudan,2018,8.07,6.553,11.287,0.802,-0.737,-0.043,0.277,4.0,257.0,60.0
Sudan,2019,2.248,4.18,11.066,-0.392,-0.35,0.476,-0.754,4.0,653.0,169.0
Sudan,2020,3.123,6.992,12.271,0.729,-0.189,-1.213,-0.996,4.0,376.0,83.0
Sudan,2021,-0.837,4.847,9.57,0.291,-0.077,0.206,0.359,4.0,203.0,40.0
Sudan,2022,2.964,6.453,11.074,-0.017,0.485,-0.595,1.592,4.0,636.0,157.0
Sudan,2023,4.108,5.307,13.961,0.59,0.535,0.265,0.352,4.0,413.0,122.0
Sudan,2024,1.782,5.364,11.466,0.678,-0.419,-0.576,-0.025,4.0,539.0,135.0
Sudan,2025,0.115,4.643,15.105,-1.152,0.292,0.587,-0.82,4.0,223.0,56.0
Syria,2000,2.231,7.683,11.379,0.329,0.085,-0.23,-0.32,4.0,446.0,111.0
Syria,2001,3.337,5.46,11.947,-0.7,0.847,0.07,-0.203,4.0,372.0,97.0
Syria,2002,3.584,8.599,11.945,0.834,0.937,-0.794,-0.827,4.0,289.0,71.0
Syria,2003,2.312,7.918,8.615,-0.915,0.253,-0.318,0.88,4.0,615.0,141.0
Syria,2004,1.61,7.594,11.537,0.48,0.11,0.69,-0.638,4.0,255.0,67.0
Syria,2005,3.063,6.983,7.66,-0.225,0.482,-0.807,0.593,4.0,223.0,51.0
Syria,2006,1.126,10.312,12.644,-0.087,-0.787,-0.997,0.951,4.0,409.0,109.0
Syria,2007,3.814,10.708,12.323,-0.554,0.246,0.475,0.319,4.0,282.0,75.0
Syria,2008,1.102,7.82,11.605,0.348,-1.022,0.748,-0.288,4.0,195.0,47.0
Syria,2009,3.457,5.1,8.313,0.759,0.533,-0.746,-0.261,4.0,353.0,74.0
Syria,2010,0.295,7.647,14.132,0.13,0.43,-0.824,-0.256,4.0,139.0,29.0
Syria,2011,2.822,9.018,13.602,0.218,-0.432,0.188,-0.134,4.0,304.0,75.0
Syria,2012,0.977,5.617,13.13,0.443,-1.122,-0.493,-0.37,4.0,254.0,63.0
Syria,2013,4.058,8.85,11.826,-0.46,0.188,1.18,-0.306,4.0,344.0,107.0
Syria,2014,-0.626,10.43,13.574,0.638,0.402,-1.122,0.782,4.0,322.0,64.0
Syria,2015,4.883,6.57,9.363,-0.182,0.476,-0.836,0.374,4.0,333.0,92.0
Syria,2016,3.972,5.644,11.29,-0.312,0.378,-0.163,0.055,4.0,250.0,66.0
Syria,2017,4.985,6.162,7.71,0.306,-0.051,-0.114,-0.182,4.0,469.0,124.0
Syria,2018,1.823,7.55,12.182,-1.368,-0.522,-1.122,-0.218,0.0,167.0,45.0
Syria,2019,0.948,7.415,10.802,0.893,0.503,-0.453,-0.287,4.0,109.0,23.0
Syria,2020,2.593,7.337,11.978,0.913,1.222,-1.088,0.032,4.0,300.0,66.0
Syria,2021,0.715,6.339,11.198,-0.232,0.763,1.022,-0.164,4.0,276.0,80.0
Syria,2022,4.098,7.545,11.977,-0.56,-0.573,0.253,-0.684,4.0,291.0,79.0
Syria,2023,1.779,6.701,12.42,-0.585,-0.875,2.195,-1.685,4.0,291.0,60.0
Syria,2024,1.952,8.394,10.828,-0.935,0.385,-0.103,-0.092,4.0,350.0,87.0
Syria,2025,2.326,8.641,9.349,-0.337,-0.563,-0.44,-0.473,4.0,227.0,57.0
Turkey,2000,5.764,6.744,11.084,-0.607,-0.128,0.358,-0.916,4.0,189.0,54.0
Turkey,2001,0.99,5.934,8.028,0.579,0.406,-0.41,0.126,4.0,189.0,42.0
Turkey,2002,0.698,10.456,11.426,0.314,-0.541,-0.761,-0.024,4.0,312.0,72.0
Turkey,2003,-0.458,5.896,10.362,-0.86,0.63,0.728,0.98,0.0,65.0,15.0
Turkey,2004,2.391,7.99,11.708,0.478,0.722,-1.138,-0.052,0.0,174.0,38.0
Turkey,2005,3.382,6.042,10.656,-1.492,-0.28,0.468,-0.77,4.0,456.0,108.0
Turkey,2006,-3.44,2.35,10.08,-0.02,0.933,-2.393,0.607,4.0,500.0,119.0
Turkey,2007,0.666,7.871,10.17,-0.318,-0.423,1.158,0.142,4.0,120.0,21.0
Turkey,2008,4.033,7.478,12.618,-0.261,0.427,-0.1,0.699,4.0,431.0,102.0
Turkey,2009,3.468,5.894,17.314,0.378,-0.602,1.029,-0.117,4.0,174.0,49.0
Turkey,2010,1.694,7.639,12.194,-0.209,-0.291,0.079,0.044,4.0,489.0,114.0
Turkey,2011,5.88,7.966,13.144,-0.565,0.615,0.175,-0.097,0.0,67.0,20.0
Turkey,2012,3.43,5.105,12.752,0.491,-0.279,-0.306,0.521,4.0,293.0,74.0
Turkey,2013,0.374,6.904,15.322,-0.004,-0.92,0.156,0.087,4.0,293.0,76.0
Turkey,2014,2.547,8.229,8.546,0.25,0.305,-0.124,-0.229,4.0,486.0,120.0
Turkey,2015,3.136,3.396,15.954,-0.265,-0.03,-1.267,-0.577,4.0,502.0,160.0
Turkey,2016,1.546,4.624,13.681,0.455,-0.055,-0.93,0.572,4.0,427.0,104.0
Turkey,2017,1.268,6.546,10.324,-0.23,-0.539,-0.416,0.237,4.0,175.0,48.0
Turkey,2018,1.064,8.346,11.351,0.482,0.147,0.192,-0.252,0.0,50.0,10.0
Turkey,2019,0.858,5.406,8.444,0.508,-0.905,-0.677,0.033,4.0,519.0,116.0
Turkey,2020,4.872,8.395,6.363,-0.477,-0.22,-1.33,0.463,4.0,450.0,118.0
Turkey,2021,2.853,8.282,9.373,-0.29,-0.865,-0.056,-0.45,4.0,394.0,86.0
Turkey,2022,2.497,4.924,9.247,0.508,-0.213,-0.217,-0.445,4.0,423.0,100.0
Turkey,2023,4.046,6.782,10.428,-0.399,-0.709,-0.21,-0.689,4.0,165.0,39.0
Turkey,2024,5.169,6.382,10.752,-0.43,0.372,-0.064,0.274,4.0,411.0,105.0
Turkey,2025,0.968,7.69,11.484,-0.097,-0.371,0.229,-0.041,4.0,271.0,95.0
USA,2000,1.847,7.833,9.216,0.638,0.408,0.321,0.658,4.0,453.0,107.0
USA,2001,2.015,7.585,15.328,-0.469,-0.474,-0.135,-0.219,4.0,512.0,136.0
USA,2002,1.767,5.435,8.558,1.34,0.31,0.735,1.24,4.0,491.0,120.0
USA,2003,2.404,7.71,11.724,-0.738,-1.64,-1.315,-0.51,4.0,420.0,86.0
USA,2004,2.996,7.903,12.734,0.59,-0.52,-0.202,-0.523,4.0,255.0,54.0
USA,2005,3.518,6.385,9.958,-0.605,0.402,-0.225,-0.505,4.0,515.0,139.0
USA,2006,2.407,9.853,13.367,-0.516,0.331,0.008,-0.451,4.0,249.0,75.0
USA,2007,1.366,6.85,11.28,-0.578,-1.139,-0.208,0.124,4.0,292.0,81.0
USA,2008,2.772,8.526,13.004,0.477,-0.067,-0.54,-0.132,4.0,146.0,29.0
USA,2009,2.33,8.197,9.092,0.376,0.914,-0.522,-0.272,4.0,244.0,60.0
USA,2010,1.61,5.933,9.394,0.362,-0.513,0.237,-0.745,4.0,154.0,57.0
USA,2011,1.807,9.021,10.488,-0.689,0.073,0.752,0.211,4.0,500.0,119.0
USA,2012,1.423,4.293,11.95,-0.562,-1.048,0.048,0.214,4.0,296.0,70.0
USA,2013,2.867,5.607,14.963,-0.05,1.265,1.335,0.37,4.0,165.0,43.0
USA,2014,2.648,7.845,7.217,-0.582,0.043,0.15,-1.322,4.0,419.0,99.0
USA,2015,-0.05,4.145,7.16,0.777,-0.75,1.628,-0.983,4.0,369.0,89.0
USA,2016,2.927,8.8,13.027,0.282,-0.615,0.087,0.493,4.0,602.0,119.0
USA,2017,4.943,7.817,9.87,-0.68,0.528,-0.06,0.342,4.0,231.0,53.0
USA,2018,2.972,7.522,10.77,0.877,-0.827,-0.387,0.722,0.0,234.0,62.0
USA,2019,0.92,7.207,12.27,0.275,-0.343,0.075,-0.188,4.0,306.0,70.0
USA,2020,3.642,6.621,12.791,-0.044,0.742,0.358,-0.174,4.0,441.0,104.0
USA,2021,2.19,6.723,16.12,-0.237,1.081,-0.889,-0.331,4.0,506.0,122.0
USA,2022,-1.937,6.93,13.387,0.283,-1.353,-0.45,-0.357,4.0,229.0,52.0
USA,2023,4.258,7.547,16.25,-0.007,0.324,0.787,1.063,4.0,294.0,80.0
USA,2024,1.29,6.067,8.12,-0.473,-0.165,-0.038,-0.367,4.0,425.0,97.0
USA,2025,-0.634,8.226,14.275,-0.038,0.356,0.466,0.226,4.0,458.0,112.0
Ukraine,2000,5.529,6.974,10.522,0.639,-0.566,-0.413,0.571,4.0,226.0,57.0
Ukraine,2001,1.774,7.56,10.884,-0.78,0.027,-0.827,-1.373,4.0,229.0,65.0
Ukraine,2002,8.543,10.13,9.447,0.794,-0.138,0.144,0.448,4.0,243.0,52.0
Ukraine,2003,2.137,7.72,10.85,-0.44,-1.186,0.302,0.03,4.0,278.0,70.0
Ukraine,2004,2.733,8.393,9.577,0.237,0.183,0.882,-0.61,4.0,362.0,100.0
Ukraine,2005,2.278,8.412,11.619,0.072,-0.03,-1.425,-0.585,4.0,114.0,36.0
Ukraine,2006,0.937,8.511,9.281,0.412,-0.257,-0.165,-0.026,4.0,71.0,12.0
Ukraine,2007,2.856,4.108,6.606,0.68,0.25,0.106,1.288,4.0,426.0,119.0
Ukraine,2008,0.449,8.966,11.846,-0.36,0.39,-1.126,-0.764,4.0,299.0,78.0
Ukraine,2009,0.666,4.464,10.72,0.065,0.658,0.63,0.648,4.0,176.0,42.0
Ukraine,2010,1.848,6.924,8.716,0.517,1.44,0.915,0.4,4.0,484.0,112.0
Ukraine,2011,3.377,7.61,11.12,-0.671,-0.44,0.48,-0.243,4.0,243.0,67.0
Ukraine,2012,2.777,7.138,12.495,-0.888,-0.258,0.297,1.072,4.0,333.0,90.0
Ukraine,2013,2.887,5.036,8.098,-0.93,0.2,0.017,-1.065,4.0,339.0,93.0
Ukraine,2014,5.424,6.094,12.712,0.242,-0.97,0.06,0.612,4.0,420.0,93.0
Ukraine,2015,-0.956,7.424,8.259,-1.083,-0.997,0.07,-1.393,4.0,276.0,70.0
Ukraine,2016,3.647,5.195,9.367,0.153,0.422,0.535,0.705,4.0,250.0,61.0
Ukraine,2017,2.575,8.12,10.69,0.103,-0.557,-0.851,-1.081,4.0,325.0,86.0
Ukraine,2018,3.542,9.492,9.605,0.359,-0.681,0.48,-0.313,4.0,326.0,92.0
Ukraine,2019,3.153,9.087,13.187,0.161,0.471,-0.879,0.281,4.0,305.0,78.0
Ukraine,2020,4.392,7.0,7.597,-0.038,0.589,0.185,-0.441,4.0,884.0,242.0
Ukraine,2021,1.122,7.956,8.41,0.23,0.536,0.163,-0.534,4.0,367.0,83.0
Ukraine,2022,-1.416,9.422,11.868,-0.114,-0.344,0.749,-0.059,4.0,173.0,35.0
Ukraine,2023,7.797,11.38,11.673,-0.38,-0.51,0.06,-0.04,4.0,374.0,81.0
Ukraine,2024,2.852,6.775,13.782,0.854,-0.832,0.142,-0.691,4.0,168.0,42.0
Ukraine,2025,5.067,10.063,12.827,-0.122,0.142,-0.145,-1.29,4.0,643.0,160.0
